,company,jobs
0,Amazon.com,358
1,Ball Aerospace,187
2,Microsoft,137
3,Google,134
4,NYU Langone Health,77
5,Fred Hutchinson Cancer Research Center,70
6,KPMG,66
7,Lab126,50
8,Facebook,49
9,Broad Institute,49
10,Walmart eCommerce,45
11,McKinsey & Company,41
12,Harnham,39
13,Takeda Pharmaceutical,39
14,University of Washington,39
15,Oath Inc,34
16,Celgene Corporation,34
17,"Pharmacyclics, an Abbvie Company",34
18,Cymer,32
19,Brigham & Women's Hospital(BWH),31
20,Biogen,30
21,Amgen,28
22,Sanofi,28
23,Jacobs,27
24,JP Morgan Chase,27
25,Illumina,27
26,JD.com,26
27,Zillow Group,26
28,JUUL Labs,26
29,CDK Global,24
30,Cedars-Sinai,24
31,Uber,23
32,University of Texas at Austin,23
33,The Climate Corporation,23
34,Wayfair,22
35,Burns & McDonnell,22
36,Accenture,22
37,Civis Analytics,22
38,Genentech,22
39,NOKIA,22
40,Tempus,22
41,Massachusetts General Hospital(MGH),22
42,Vertex Pharmaceuticals,22
43,Vertex,21
44,Harvard University,21
45,DEPT OF HEALTH/MENTAL HYGIENE,20
46,Autodesk,20
47,Nielsen,20
48,ICF,20
49,Jobspring Partners,19
50,Quora,19
51,Twitter,19
52,Draper,19
53,Pfizer Inc.,19
54,Alnylam,18
55,Bristol-Myers Squibb,18
56,Bank of America,18
57,Workbridge Associates,17
58,23andMe,17
59,The Boston Consulting Group,17
60,Novartis,17
61,Apple,17
62,DigitasLBi,16
63,Natera,16
64,IBM,16
65,Thermo Fisher Scientific,16
66,Dana-Farber Cancer Institute,16
67,Allstate,16
68,The University of Chicago,16
69,Leidos,16
70,General Electric,15
71,Merck,15
72,Columbia University,15
73,Georgia Tech Research Institute,15
74,Emory University,15
75,Exponent,14
76,BuzzFeed,14
77,Samsung Research America,13
78,University of California San Francisco,13
79,BioMarin,13
80,Spotify,13
81,AbbVie,13
82,The Home Depot,13
83,USC,13
84,Lawrence Berkeley National Laboratory,12
85,bluebird bio,12
86,University of Colorado,12
87,Capital One,12
88,Analytic Recruiting,12
89,Boston University,12
90,Mathematica Policy Research,12
91,ASML,12
92,"Pandora Media, Inc.",11
93,UC San Diego,11
94,Gilead Sciences,11
95,BNY Mellon,11
96,BOEING,11
97,Dremio,11
98,DataRobot,11
99,Intuit,11
100,BlueLabs Analytics,11
101,Commonwealth Sciences,11
102,R&D Partners,11
103,"Kleinfelder, Inc.",11
104,Simons Foundation,10
105,DELL,10
106,Zillow,10
107,MIT,10
108,QuantumBlack,10
109,Capgemini,10
110,ZestFinance,10
111,Northwestern University,10
112,Weill Cornell Medicine,10
113,Payette Group,10
114,"Moderna Therapeutics, Inc",10
115,State Street,10
116,Shire Pharmaceuticals,10
117,Goldman Sachs,10
118,JLL,9
119,Ipsos North America,9
120,Johnson & Johnson Family of Companies,9
121,Rubius Therapeutics,9
122,TARGET,9
123,Indigo,9
124,Juno Therapeutics,9
125,LivePerson - Global Product & Technology,9
126,"Foundation Medicine, Inc.",9
127,Schireson,9
128,Nektar,9
129,New York Life Insurance Co,8
130,Mount Sinai,8
131,Instacart,8
132,Cedars-Sinai Medical Center,8
133,Rush University Medical Center,8
134,Booz Allen Hamilton,8
135,UnitedHealth Group,8
136,Wunderman,8
137,Redfish Technology - High Tech Executive Recruiters,8
138,"Anthem, Inc.",8
139,Guardant Health,8
140,"Two Sigma Investments, LLC.",8
141,Darwin Recruitment,8
142,Smith Hanley Associates,8
143,The Coca-Cola Company,8
144,"Advanced Micro Devices, Inc.",8
145,Coupang,8
146,Pfizer,8
147,Symantec,8
148,University of California Berkeley,8
149,Averity,8
150,Ann & Robert H. Lurie Children’s Hospital of Chicago,7
151,Ginkgo Bioworks,7
152,Rover,7
153,Blueprint Medicines,7
154,Adobe,7
155,h2o.ai,7
156,Denali,7
157,NORC at the University of Chicago,7
158,Omeros Corporation,7
159,First Republic Bank,7
160,Roche,7
161,zulily,7
162,Solid Biosciences,7
163,Klein Hersh International,7
164,National Ecological Observatory Network Inc,7
165,Dyson,7
166,Conversion Logic,7
167,Memorial Sloan Kettering,7
168,Cognitive Scale,7
169,Seattle Children’s,6
170,Howard Hughes Medical Institute,6
171,Brammer Bio,6
172,Proteus Digital Health,6
173,Pinterest,6
174,Baidu USA,6
175,Counsyl,6
176,FICO,6
177,BioPhase Solutions,6
178,Agios Pharmaceuticals,6
179,Twist Bioscience,6
180,Stitch Fix,6
181,CRISPR THERAPEUTICS,6
182,Zymergen,6
183,Environmental Defense Fund,6
184,The Camstoll Group,6
185,U.S. Federal Government,6
186,Catapult Sports,6
187,Square,6
188,Encodia,6
189,Gro Intelligence,6
190,Sorrento Therapeutics,6
191,Centers for Disease Control and Prevention,6
192,Electronic Arts,6
193,Albert Einstein College of Medicine,6
194,New York University,6
195,HDR,6
196,NVIDIA,6
197,General Atomics,6
198,Feedzai,6
199,Natural Resources Defense Council,6
200,Wish,6
201,Novetta,6
202,Nordstrom,6
203,National Instruments,6
204,Twitch,6
205,NetApp,5
206,Sage Therapeutics,5
207,Sift Science,5
208,Fidelity Investments,5
209,Via,5
210,CBRE,5
211,Kantar Millward Brown,5
212,AIG,5
213,"Petuum, Inc",5
214,Partners HealthCare(PHS),5
215,Walmart,5
216,"Decibel Therapeutics, Inc.",5
217,Signify,5
218,Logic20/20,5
219,Honda Research Institute USA,5
220,Credit Karma,5
221,Tableau,5
222,Penn Schoen Berland,5
223,CACI,5
224,Groupon,5
225,xentity corporation,5
226,BMO Financial Group,5
227,TrueMotion,5
228,Synopsys,5
229,Elsevier,5
230,Atreca,5
231,Riot Games,5
232,Biolegend,5
233,"Williams-Sonoma, Inc.",5
234,Northeastern University,5
235,"ArcherDX, INC.",5
236,Wood,5
237,ALS TDI,5
238,Intrexon Corporation.,5
239,General Assembly,5
240,Panjiva,5
241,Celect,5
242,Teradata,5
243,BetterUp,5
244,Coursera,5
245,Visa,5
246,Talent & Acquisition LLC,5
247,Citi,5
248,Charles River Analytics,5
249,Kelvin,5
250,Abcam,5
251,King.com,5
252,Remitly,5
253,Boston Children's Hospital,5
254,Intellia,5
255,NCSA - Next College Student Athlete,5
256,Invicro,5
257,MassMutual,5
258,Textio,5
259,Rutgers University,5
260,CuraCloud Corporation,5
261,Morgan Stanley,4
262,TetraScience,4
263,Wuxi AppTec,4
264,LendingClub,4
265,C3 IoT,4
266,ACLU,4
267,Klein Management Systems,4
268,The Hexagon Lavish,4
269,DEPT OF ENVIRONMENT PROTECTION,4
270,All-In Analytics,4
271,Getty Images,4
272,Diverse Lynx,4
273,Akuna Capital,4
274,S.C. International,4
275,Unum Therapeutics,4
276,Hudson River Trading,4
277,"Human Longevity, Inc.",4
278,Invitae,4
279,ERPi,4
280,Norfolk Southern Corp,4
281,ThoughtWorks,4
282,Kleinfelder,4
283,Eli Lilly,4
284,Sojern,4
285,Nanostring Technologies,4
286,Upstart,4
287,Sarepta Therapeutics,4
288,Foursquare,4
289,Asuragen,4
290,Central Intelligence Agency,4
291,Guidehouse,4
292,SparkCognition,4
293,Xylem,4
294,RTI International,4
295,Oracle,4
296,Demandbase,4
297,Grab Taxi,4
298,S&P Global,4
299,La Jolla Institute for Allergy and Immunology,4
300,Scientific Research Corporation,4
301,Ashton Lane Group,4
302,Universities Space Research Association,4
303,Qualcomm,4
304,Dimension Therapeutics,4
305,Dataiku,4
306,"Alexion Pharmaceuticals,Inc.",4
307,Redfin,4
308,Pfenex Inc.,4
309,BenevolentAI,4
310,DocuSign,4
311,PPD,4
312,Resource Technology Partners,4
313,Bloomberg,4
314,Splunk,4
315,IHS Markit,4
316,Recruitomics Consulting,4
317,Nohla Therapeutics,4
318,AIR Worldwide,4
319,Cogito Corporation,4
320,Hologic,4
321,Kaiser Permanente,4
322,Ultragenyx Pharmaceutical,4
323,Prometheus Laboratories Inc.,4
324,Honeywell,4
325,Gallup,4
326,Arm,4
327,KSQ Therapeutics,4
328,NEUROCRINE BIOSCIENCES,4
329,Clarivate Analytics,4
330,Charles River Analytics Inc.,4
331,Doximity,4
332,"Accelrys, Inc.",4
333,Impossible Foods,4
334,DiDi Labs,4
335,Engage Partners,4
336,Generation Bio,4
337,LabCorp,4
338,Chan Zuckerberg Biohub,4
339,Maven Wave Partners,4
340,Pivotal Software,4
341,Olympia Medical Center,4
342,Aetna,4
343,JBCConnect,3
344,AllianceBernstein,3
345,CA Technologies,3
346,Qualtrics,3
347,Integral Ad Science,3
348,Catalina Marketing,3
349,BrainWorks,3
350,Xaxis,3
351,NDT.com,3
352,ServiceNow,3
353,Clockwork Solutions,3
354,OppenheimerFunds,3
355,Axon,3
356,Allen Institute,3
357,UCLA,3
358,Medidata Solutions,3
359,NYP/Weill Cornell Medical Center,3
360,7Park Data,3
361,PaxVax,3
362,Chewy,3
363,HubSpot,3
364,Dropbox,3
365,CarGurus,3
366,"Summit Technologies, Inc.",3
367,Trunk Club,3
368,Scienaptic Systems Inc,3
369,American Express,3
370,DEPARTMENT OF FINANCE,3
371,BICP,3
372,Juvo,3
373,Uptake,3
374,AstraZeneca,3
375,Viome,3
376,John Hancock,3
377,Constellation Pharmaceuticals,3
378,NGM Biopharmaceuticals,3
379,BAE Systems,3
380,BlueRock Therapeutics,3
381,Businesses UNITED TECHNOLOGIES CORP. HEADQUARTERS,3
382,R/GA,3
383,Aera Technology,3
384,ChefSteps,3
385,"Halozyme Therapeutics, Inc.",3
386,Exelixis Inc.,3
387,Quantcast,3
388,AECOM,3
389,Explore Group Inc,3
390,Acumen LLC,3
391,Northrop Grumman,3
392,Epsilon,3
393,US Foods,3
394,Intercontinental Exchange,3
395,EY,3
396,Nift,3
397,SiriusXM,3
398,Correlation One,3
399,Method Products,3
400,"Rincon Consultants, Inc.",3
401,Prudential,3
402,CircleUp,3
403,Nift Networks,3
404,Smarkets,3
405,TUFTS University,3
406,National instrument,3
407,Hospital for Special Surgery,3
408,ProClinical,3
409,UBS,3
410,Cotiviti,3
411,Noblis,3
412,Pearson,3
413,HireMinds,3
414,Posh Technologies,3
415,"The Cadmus Group, Inc.",3
416,Cars.com,3
417,S&P Global Ratings,3
418,Noodle.ai,3
419,SKIM,3
420,84.51°,3
421,Samba TV,3
422,AKCEA Therapeutics,3
423,Dow Jones,3
424,H3 Biomedicine,3
425,GUTTMACHER,3
426,Oncorus,3
427,Proofpoint,3
428,"Open Systems Technologies, Inc.",3
429,"Berkeley Lights, Inc.",3
430,Annalect,3
431,Harvard Pilgrim Health Care,3
432,Comcast,3
433,Grant Thornton,3
434,Abbott Laboratories,3
435,iRhythm,3
436,ZX Ventures,3
437,Convoy,3
438,Fanatics Inc.,3
439,Projectline,3
440,Affect Mental Health,3
441,Grubhub,3
442,Boston Medical Center (BMC),3
443,TransUnion,3
444,Neon Therapeutics,3
445,Fractal Analytics,3
446,Klaviyo,3
447,Delmock Technologies Inc.,3
448,Clear Story Data,3
449,S&P GLOBAL MARKET INTELLIGENCE,3
450,HelloFresh,3
451,"Genomatica, Inc.",3
452,Vera Institute of Justice,3
453,Oscar Insurance,3
454,Netflix,3
455,BrightBytes,3
456,"The Hagan-Ricci Group, Inc.",3
457,Centra Technology,3
458,PureTech Health,3
459,Morningstar,3
460,Springer Nature,3
461,MGH & BWH Center for Clinical Data Science,3
462,Pluralsight,3
463,Glassdoor,3
464,BlackLocus,3
465,Commonwealth of Massachusetts,3
466,Tonal,3
467,Bosch Group,3
468,Galvanize,3
469,Hopper,3
470,Apixio,3
471,Brain Corporation,3
472,HiTS,3
473,Eaton Vance,3
474,"Ferring Pharmaceuticals, Inc.",3
475,Allianz Global Corporate & Specialty,3
476,Xencor,3
477,Ra Pharmaceuticals,3
478,Squarespace,3
479,Tremor,3
480,Akebia Therapeutics,3
481,Macy's,3
482,Sony Interactive Entertainment PlayStation,3
483,ViaSat,3
484,Newell Brands,3
485,DNAnexus,3
486,GreenSky,3
487,fractalanalytics,3
488,AP Staffing,3
489,Pathway Genomics,3
490,Esurance,3
491,SunTrust,3
492,GB HealthWatch,3
493,Instrumentation Laboratory,3
494,VitroLabs Inc,3
495,KLA-Tencor,3
496,Clarity Insights,3
497,"CytomX Therapeutics, Inc.",3
498,Russell Investments,3
499,Liberty Mutual,3
500,Cogo Labs,3
501,NantKwest,3
502,Neural Analytics,3
503,Sangamo Therapeutics,3
504,Waymo,3
505,The Goal Inc.,3
506,Voxelcloud,3
507,The Urban Institute,3
508,Color Genomics,3
509,Stroz Friedberg,3
510,Rally Health,3
511,Conversant Media,2
512,Inception Sciences,2
513,Cogen Therapeutics,2
514,Viacom,2
515,Quantium,2
516,Komodo Health,2
517,KNIME,2
518,Porch,2
519,Career Movement,2
520,Invesco,2
521,Enlearn,2
522,WinterWyman,2
523,LendingHome,2
524,Alibaba,2
525,Cushman & Wakefield,2
526,PNC Financial Services Group,2
527,"TekPartners, A P2P Company",2
528,AMERICAN CANCER SOCIETY,2
529,"Hitachi Chemical Advanced Therapeutics Solutions, LLC (formerly PCT Cell Therapy Services, LLC)",2
530,Retrophin,2
531,Aptevo,2
532,Manulife Financial,2
533,Weight Watchers International,2
534,Gradient.io,2
535,The Marketing Store,2
536,Locke Careers,2
537,Yelp,2
538,Prestige Staffing,2
539,Clover Health,2
540,IQVIA,2
541,Castle Global,2
542,Energy Solutions,2
543,ADMIN FOR CHILDREN'S SVCS,2
544,Sano,2
545,Anaconda,2
546,City & County of San Francisco,2
547,Sapient Global Markets,2
548,Oversight Systems,2
549,Empyreal Realty,2
550,GNS Healthcare,2
551,SigOpt,2
552,Skillz Inc.,2
553,Zylotech,2
554,"Handshake Partners, LLC",2
555,LNS Research,2
556,Rockstar New York,2
557,Engility,2
558,ManTech International Corporation,2
559,AXIS Insurance,2
560,Fannie Mae,2
561,Alcock & McFadden,2
562,"Sensory, Inc",2
563,New York Genome Center,2
564,Blue Bottle Coffee,2
565,Course Hero,2
566,BitSight,2
567,IDEO,2
568,PwC,2
569,Persado,2
570,Bonobos,2
571,"Linc Global, Inc.",2
572,ThoughtSpot,2
573,eGenesis,2
574,Perspecta,2
575,American Institutes for Research,2
576,ARiA,2
577,Lonza,2
578,Karen Clark & Company,2
579,Bed Bath & Beyond,2
580,CCC Information Services Inc.,2
581,LOCKHEED MARTIN CORPORATION,2
582,ClimaCell,2
583,TripleLift,2
584,AmeriCorps,2
585,The Expert Institute,2
586,AGC Biologics,2
587,Omada Health,2
588,Institute for Systems Biology,2
589,Opendoor,2
590,Charles River Laboratories,2
591,Heluna Health,2
592,Ultimate Software,2
593,Decision Resources Group,2
594,Physical Sciences Inc.,2
595,Crowe,2
596,Fulcrum Therapeutics,2
597,Eagle Medical Services,2
598,PLAYSTUDIOS Inc,2
599,Compass Tech International,2
600,Quizlet,2
601,DuPont,2
602,Golder Associates,2
603,Gossamer Bio,2
604,Coupang(TECH),2
605,MUFG,2
606,Automattic Inc.,2
607,Cepheid,2
608,Imbellus,2
609,City of Austin,2
610,Massachusetts Eye and Ear Infirmary,2
611,Siemens,2
612,Senseye,2
613,ALTA DEVICES INC,2
614,Franklin Templeton Investments,2
615,Lightelligence,2
616,Operation HOPE,2
617,DRW Trading Group,2
618,Hearsay Systems,2
619,U.S. Bank,2
620,Covance,2
621,Casma Therapuetics,2
622,BioDuro,2
623,A Place for Mom,2
624,Scaleapi,2
625,Interactive Brokers,2
626,LogMeIn,2
627,"Miragen Therapeutics, Inc.",2
628,City National Bank,2
629,Under Armour,2
630,Ascent Services Group,2
631,MCKEAN DEFENSE/CABRILLO TECHNOLOGIES,2
632,Rue La La,2
633,Advanced Technical Resources Inc.,2
634,Icon plc,2
635,Atkins,2
636,eBay Inc.,2
637,Clari,2
638,Mersana Therapeutics,2
639,HistoWiz,2
640,Nanocellect Biomedical Inc.,2
641,EXL,2
642,Lightmatter,2
643,University of Illinois at Chicago,2
644,Northwell Health,2
645,InterSystems Corporation,2
646,Freshly,2
647,Verizon,2
648,DRW,2
649,The Mice Groups,2
650,DataCamp,2
651,Bread Finance,2
652,Clusterone,2
653,Bionano Genomics,2
654,Whiz Finder Corporation,2
655,Links Global,2
656,Planet Pharma,2
657,Granular,2
658,Beth Israel Deaconess Medical Center,2
659,Cognizant,2
660,Carbon3D,2
661,ZapLabs LLC,2
662,MFS Investment Management,2
663,쿠팡,2
664,Apex Life Sciences,2
665,Foghorn Systems,2
666,Virgin Hyperloop One,2
667,The Nerdery,2
668,American Century Investments,2
669,Varstaff,2
670,Verisk Analytics,2
671,"Seres Therapeutics, Inc.",2
672,Balyasny,2
673,Axcella Health,2
674,California State University,2
675,Ranker,2
676,"Qualified Technical Services, Inc",2
677,"Samumed, LLC",2
678,Evolent Health,2
679,Health & Human Services Comm,2
680,General Dynamics Information Technology,2
681,Adaptive Management,2
682,BOLD,2
683,E*TRADE FINANCIAL,2
684,Benchling,2
685,Housecall Pro,2
686,William Blair & Company,2
687,Pragmatics,2
688,Civic Hall,2
689,Genedata,2
690,VHB,2
691,Gap Inc. Corporate,2
692,Remind,2
693,Discover Financial Services,2
694,HERE Technologies,2
695,Dexcom,2
696,CAVA - Technology,2
697,Cardinal Health,2
698,Inari Agriculture,2
699,Axiom Exergy Inc,2
700,Brown Brothers Harriman,2
701,Mobiquity,2
702,BrickRed Systems,2
703,Thasos Group,2
704,Hotwire,2
705,Foghorn Therapeutics,2
706,"Amyris, Inc.",2
707,Cambridge Consultants,2
708,American Geophysical Union,2
709,Radiant Solutions,2
710,Freebird,2
711,Akrevia Therapeutics,2
712,Seattle Cancer Care Alliance,2
713,"Jenzabar, Inc",2
714,RBC,2
715,Etsy,2
716,Danaher,2
717,Transcriptic,2
718,Mars,2
719,Avanade,2
720,Initiative for a Competitive Inner City (ICIC),2
721,Conviva,2
722,Geli,2
723,B3 Group Inc,2
724,PulsePoint,2
725,Oliver Wyman,2
726,FuelX,2
727,Motive Interactive,2
728,Lighthouse Lab Services,2
729,STRIVR,2
730,Resolution Bioscience,2
731,Freestar,2
732,"ViewRay, Inc.",2
733,Deuro,2
734,openwater (openwater.cc),2
735,Sentient Investment Management,2
736,"Advanced Decision Vectors, LLC",2
737,UCAR,2
738,Evidera,2
739,Zoomdata,2
740,Medal,2
741,Montclair State University,2
742,KEYW Corporation,2
743,Expedia,2
744,Golin,2
745,"J.Crew Group, Inc.",2
746,CGI,2
747,Dicerna,2
748,Hyatt,2
749,Chronus Health,2
750,Valassis Digital,2
751,Loyal,2
752,Applied Systems Inc.,2
753,Trulia,2
754,Mount Sinai Health System,2
755,Collective Health,2
756,"Zendrive, Inc.",2
757,WeWork Global Technology,2
758,Insider Inc.,2
759,Slack,2
760,Ubisoft,2
761,VIE HIRE,2
762,Columbia University Medical Center,2
763,Sartorius North America,2
764,DEPARTMENT OF CITY PLANNING,2
765,Mindshare,2
766,Slice Technologies & Unroll.me,2
767,BMW North America,2
768,"LakePharma, Inc.",2
769,Candid Co.,2
770,ENGIE Insight,2
771,Pharmerit International,2
772,Terramino Foods,2
773,Hap Capital,2
774,Moveworks.ai,2
775,PATH,2
776,Heed Foods,2
777,Blue Owl,2
778,Castlight Health,2
779,Dataminr,2
780,Perficient,2
781,UserTesting,2
782,Brad's Deals,2
783,Belcan Government Services,2
784,Pacific Investment Management Company LLC,2
785,thredUP Inc,2
786,Zynga,2
787,Tapjoy,2
788,Service Employees International Union,2
789,Boston Biomedical,2
790,Goldfinch Bio,2
791,Affirm,2
792,AT&T,2
793,Stantec,2
794,Legendary Applied Analytics,2
795,Label Insight,2
796,NIKE INC,2
797,BGC Partners,2
798,insitro.com,2
799,Helix,2
800,Blueocean Market Intelligence,2
801,Camp4 Therapeutics Corporation,2
802,Salesforce,2
803,Deloitte,2
804,"MyoKardia, Inc.",2
805,Glu Mobile,2
806,Celestar Corporation,2
807,Raytheon,2
808,MARC USA LLC,2
809,Merrimack Pharmaceuticals,2
810,NRG- A Stagwell Company,2
811,Aptiv,2
812,M.Gemi,2
813,Arzeda,2
814,Piedmont Healthcare,2
815,Sartorius Corporation,2
816,Ontoforce NV,2
817,GQR Global Markets,2
818,CoreLogic,2
819,Kelton Global,2
820,Affinity Talent Group,2
821,Stride Search,2
822,Shutterfly,2
823,PerkinElmer,2
824,Patricio Enterprises,2
825,BNP Paribas,2
826,HawkinsPointPartners,2
827,Weber Shandwick,2
828,VISITING NURSE SERVICE OF NEW YORK,2
829,Manulife,2
830,"GENEWIZ, Inc.",2
831,Social Fulcrum,2
832,Cisco,2
833,Certara,2
834,"Integrated DNA Technologies, Inc",2
835,SSC,2
836,Vidora,2
837,Salient CRGT,2
838,Recurly,2
839,Roblox,2
840,CBS Corporate,2
841,FIRE DEPARTMENT,2
842,"Mercedes-Benz Research & Development North America, Inc.",2
843,LivePerson,2
844,GroundTruth,2
845,Ignyte Group,2
846,Reorg Research,2
847,"RetailMeNot, Inc.",2
848,The New York Times,2
849,TVision Insights,2
850,Mintel Group,2
851,ResMed,2
852,2rbConsulting,2
853,Weaver Consultants Group,2
854,LimeBike,2
855,Delve,2
856,Platform Science,2
857,Turner,2
858,Chenega Corporation,2
859,Neuberger Berman,2
860,Alation Inc.,2
861,Charles Schwab,2
862,DEPARTMENT OF TRANSPORTATION,2
863,Infox Consulting,2
864,Ask Media Group,2
865,"Eurofins Lancaster Laboratories Professional Scientific Services, LLC",2
866,Compass Therapeutics LLC,2
867,OFFICE OF MANAGEMENT & BUDGET,2
868,Applecart,2
869,The New School,2
870,ADP,2
871,Inabia Solutions and Consulting,2
872,Strategic Employment Partners,2
873,"Open Data Science, LLC",2
874,DataVisor,2
875,Elevate,2
876,Vanda Pharmaceuticals Inc.,2
877,Astellas Pharmaceuticals,2
878,"Operam, Inc",2
879,"Precision Systems, Inc.",2
880,SpotHero,2
881,Change Healthcare,2
882,Bluecore,2
883,Aramco Services Company,1
884,The Wonderful Company LLC,1
885,ITL USA,1
886,Esha IT,1
887,Commerce Signals,1
888,Amazon Go,1
889,"East River BioSolutions, Inc.",1
890,StubHub,1
891,AkzoNobel,1
892,GZA,1
893,Daimler,1
894,FabFitFun,1
895,Beeswax,1
896,Equity Residential,1
897,Pentasia,1
898,CONSUMER AFFAIRS,1
899,Delta Air Lines,1
900,Philo,1
901,Plaid,1
902,CableLabs,1
903,Vituity,1
904,Bizible,1
905,Vida,1
906,Showtime,1
907,Kraft Heinz Company,1
908,Marcus & Associates,1
909,Slice,1
910,"Loomis, Sayles & Company, L.P.",1
911,University of Colorado Boulder,1
912,Legal Services Corporation,1
913,Effective Spend,1
914,Gemological Institute of America,1
915,"Applied Research Associates, Inc",1
916,MUSEUM ASSOCIATES,1
917,Verra Mobility,1
918,Woodland Park Zoo,1
919,Cytobank Inc.,1
920,UtopiaCompression Corporation,1
921,HCL Technologies,1
922,The Children's Place,1
923,Ropes & Gray,1
924,Science 37,1
925,"Advanced Technology Solutions, Inc",1
926,Solving IT,1
927,CUNA Mutual Group,1
928,Heron Therapeutics,1
929,Bionic Sciences Inc.,1
930,"Liberty Lending, LLC",1
931,Epic Bio,1
932,"Elavon, Inc.",1
933,Wittaff Inc.,1
934,Qadium,1
935,PlaceIQ,1
936,NRT New York LLC,1
937,Group One Trading,1
938,Opportunity Finance Network,1
939,IFPRI (International Food Policy Research Institute),1
940,Huxley IT,1
941,FraudScope,1
942,Dau International LLC,1
943,Cambridge Consultants Ltd,1
944,Kronos Bio,1
945,DonorsChoose.org,1
946,Elevations Credit Union,1
947,KCS Partners,1
948,American Nursing Services,1
949,ANALYTICA,1
950,INTERA,1
951,Burst Inc.,1
952,Profusa,1
953,Source One,1
954,FlowWest,1
955,"Crop One Holdings, Inc.",1
956,BARK,1
957,TD Securities,1
958,Ra Pharmaceutical,1
959,GroupM,1
960,RecruiterDNA,1
961,Socure,1
962,Arth Systems,1
963,Hiya,1
964,Seven Bridges,1
965,Lorven Technologies,1
966,LeapYear,1
967,DEPT OF PARKS & RECREATION,1
968,"Onyx Government Services, LLC",1
969,Amperity,1
970,US Agency for International Development,1
971,Enterprise Peak,1
972,New America,1
973,Locus Technologies,1
974,Kate Spade & Company,1
975,Infinite Uptime,1
976,Labtech Specialty Staffing,1
977,FMG Suite,1
978,"Montrose Environmental Group, Inc.",1
979,"ScaleFactor, Inc.",1
980,Outcome Health,1
981,The College Board,1
982,San Francisco Office of the Chief Medical Examiner,1
983,Fresh Digital Group,1
984,NewsCred,1
985,Fareportal Inc.,1
986,Ameriprise Financial,1
987,Optomi,1
988,"Topcon Medical Systems, Inc.",1
989,Stryker,1
990,University of California San Francisco Medical Center,1
991,Systems Planning and Analysis,1
992,Tellius,1
993,Heliotrope Technologies,1
994,Prologis,1
995,Alaka`ina Foundation Family of Companies,1
996,Indeed,1
997,American Council of Life Insurers,1
998,Zingbox,1
999,Zume Inc.,1
1000,thoughtmatrix,1
1001,HUB International,1
1002,American Environmental Assessment,1
1003,Divergent 3D,1
1004,Transfix.io,1
1005,Hometap,1
1006,"Enquero, Inc",1
1007,Rescue Agency,1
1008,Meso Scale Diagnostics,1
1009,Mondelez International,1
1010,The Intersect Group,1
1011,Amyx Inc,1
1012,"Research Foundation for Mental Hygiene, Inc.",1
1013,Theravance Biopharma,1
1014,Fooda,1
1015,envisionit,1
1016,LearnVest,1
1017,Government of the District of Columbia,1
1018,Acima Spirits,1
1019,Genomic Health,1
1020,Logyx,1
1021,Affymetrix,1
1022,letgo,1
1023,OUTFRONT media,1
1024,"Gateway Recruiting, INC",1
1025,"Trinity Global Consulting, LLC",1
1026,Carney,1
1027,Headway Workforce Solutions,1
1028,Ahtna Environmental Inc,1
1029,Ledcor,1
1030,Epic Sciences,1
1031,Planned Systems International,1
1032,UiPath,1
1033,Fulcrum Analytics,1
1034,Panaseer,1
1035,Asian Americans Advancing Justice - Los Angeles,1
1036,"Carters, Inc",1
1037,Cox Enterprises,1
1038,Research Foundation of The City University of New York,1
1039,Thomson Reuters,1
1040,Cabot Corporation,1
1041,Los Angeles County Department of Human Resources,1
1042,Nucleus Research,1
1043,605,1
1044,"GreenZone Solutions, Inc.",1
1045,Fibroblast,1
1046,Walker Medical Solutions,1
1047,Lexington Solutions Group,1
1048,SalesLoft,1
1049,Eurofins DiscoverX Corporation,1
1050,"ICU Medical, Inc.",1
1051,Key Lime Interactive,1
1052,TransFair USA,1
1053,Merkle Inc.,1
1054,"Starry, Inc.",1
1055,Quest Groups LLC,1
1056,Siluria Technologies,1
1057,"Hampton-Clarke, Inc",1
1058,Excellent Business Consultants,1
1059,"Spaulding Hospital–Boston & Cambridge(SRN,SRH,SHC)",1
1060,Center for Infectious Disease Research,1
1061,"HKS, Inc.",1
1062,The Hartford,1
1063,"Phoenix Tree Publishing, Inc.",1
1064,"Joseph J. Blake & Associates, Inc.",1
1065,HD Supply,1
1066,Technica,1
1067,Drift,1
1068,Grifols,1
1069,Saildrone,1
1070,Year Up,1
1071,"Canon U.S.A., Inc.",1
1072,Geomagical Labs,1
1073,"Epiq Systems, Inc.",1
1074,Recruiting Resources,1
1075,PicnicHealth,1
1076,Planet,1
1077,Unity Technologies,1
1078,OPCOM,1
1079,"Joinn Laboratories CA, Inc",1
1080,Simon Data,1
1081,ProtonMail,1
1082,"ChartSpan Medical Technologies, Inc.",1
1083,7Cups,1
1084,Pacific Institute for Research and Evaluation,1
1085,"VISUAL SOFT, INC",1
1086,Milacron LLC,1
1087,Discord,1
1088,Peloton,1
1089,California Rehabilitation Institute,1
1090,Tetra Tech,1
1091,Big Cloud,1
1092,Legislative Budget Board,1
1093,"Somalogic, Inc.",1
1094,"Gresham, Smith and Partners.",1
1095,Bowery Farming,1
1096,Trading Technologies,1
1097,"Langan Engineering and Environmental Services, Inc.",1
1098,Center for the Study of Services,1
1099,Sunrise Systems Inc,1
1100,Sotheby’s,1
1101,Neal Analytics,1
1102,"GlobalLogic, Inc.",1
1103,Global Atlantic Financial Group,1
1104,Missing Link Security,1
1105,Bioverativ Therapeutics Inc,1
1106,Newmark Knight Frank,1
1107,Prometrika,1
1108,Institute for Defense Analyses,1
1109,QuintilesIMS,1
1110,Quantronix Inc,1
1111,SAS Institute,1
1112,Synchrony Financial,1
1113,Wonderschool,1
1114,GA Instructor,1
1115,Axioma Inc.,1
1116,Audley Travel,1
1117,Tessella,1
1118,Bank of America Merchant Services,1
1119,LendUp,1
1120,Pray,1
1121,US Cellular,1
1122,Jopwell,1
1123,Quanteam,1
1124,Avenue Code,1
1125,Niantic Labs,1
1126,DoSomething.org,1
1127,Atlantic Media,1
1128,DoubleDown Interactive LLC,1
1129,OM1,1
1130,"New Era Group, Inc",1
1131,Fit Analytics,1
1132,Promega Corporation,1
1133,IntelliPro Group Inc.,1
1134,Diligent,1
1135,New York Stem Cell Foundation,1
1136,Staffing Advisors,1
1137,DCS Corp,1
1138,Poshmark,1
1139,Amtrak,1
1140,National Center for CryoEM Access and Training (NCCAT),1
1141,Specific Diagnostics,1
1142,Bose,1
1143,Stem Inc,1
1144,Davey Tree,1
1145,Near,1
1146,Lux Research Inc,1
1147,Carnegie Institution,1
1148,PagerDuty,1
1149,"Facility Management Planners, Inc",1
1150,Volunteers of America Los Angeles,1
1151,Atlas Wearables,1
1152,General Atomics Aeronautical Systems,1
1153,Usermind,1
1154,Hales Franciscan High School,1
1155,Cisco Meraki,1
1156,Infectious Disease Research Institute,1
1157,RCG Holdings LLC,1
1158,Beclyn Group Recruiting,1
1159,HeartFlow,1
1160,Sweeten,1
1161,National Renewable Energy Laboratory,1
1162,"Tricida, Inc.",1
1163,Asimov,1
1164,exp,1
1165,"Innovation Center for Biomedical Informatics, Georgetown University",1
1166,"Alteryx, Inc.",1
1167,"AgeX Therapeutics, Inc.",1
1168,Spectrum Brands,1
1169,Arcturus Therapeutics,1
1170,Population Services International,1
1171,The Henry M. Jackson Foundation,1
1172,"Jefferies & Company, Inc.",1
1173,Wolverine Trading,1
1174,Wipro Limited,1
1175,PRA Health Sciences,1
1176,Cibus US LLC,1
1177,Wix,1
1178,Federal Reserve Bank of Chicago,1
1179,AMP Agency,1
1180,The Laso Corp,1
1181,"Choate, Hall & Stewart LLP",1
1182,Bureau Veritas,1
1183,Centro,1
1184,ExThera Medical Corporation,1
1185,"Coherent, Inc.",1
1186,Metropolitan Transportation Authority,1
1187,Hawkins Diagnostics,1
1188,"Nuvola Staffing & Solutions, LLC.",1
1189,XPO Logistics,1
1190,Twentieth Television,1
1191,Marina Maher Communications,1
1192,HP,1
1193,LT,1
1194,IAS-USA,1
1195,Suplari,1
1196,Mission Bio,1
1197,Narvar,1
1198,Brightidea,1
1199,VIA Technical,1
1200,Marsh,1
1201,National Fish Wildlife Foundation,1
1202,PepsiCo,1
1203,Betterment LLC,1
1204,Optoro,1
1205,Zelis Healthcare,1
1206,Zoetis,1
1207,Arcadis,1
1208,Personnel Management Consultants,1
1209,EverQuote,1
1210,Ezra Penland Actuarial Recruitment,1
1211,"Cornerstone Search Group, LLC",1
1212,LinQuest Corporation,1
1213,Growth Technical Staffing,1
1214,MetroPlus Health Plan,1
1215,Project Concern International,1
1216,Slalom Consulting,1
1217,TBWA\Chiat\Day,1
1218,Voya Financial,1
1219,RMworkforce,1
1220,AeroFarms,1
1221,TrueFacet,1
1222,Brokerage Consultants Inc.,1
1223,WhereTo,1
1224,Matrix Resources,1
1225,FiscalNote,1
1226,"Wiss, Janney, Elstner Associates",1
1227,High Lantern Group,1
1228,New Amsterdam Partners LLC,1
1229,Capax Global LLC,1
1230,AHA American Hospital Association,1
1231,Coso IT,1
1232,"Quentis Therapeutics, Inc",1
1233,Pager,1
1234,Clora,1
1235,Carnegie Institution for Science,1
1236,Primary Search Management,1
1237,Calithera Biosciences,1
1238,Chartboost,1
1239,SimScale,1
1240,Mybrainsolutions,1
1241,Inseego,1
1242,TCGplayer,1
1243,Snap Inc.,1
1244,Kelton Global LLC,1
1245,Progenesis,1
1246,Grand Rounds,1
1247,A-Line Staffing,1
1248,CTG,1
1249,BlackRock,1
1250,"OneGlobe, LLC",1
1251,DeepMind,1
1252,Capital Group,1
1253,Keypoint Intelligence,1
1254,Crain Communications,1
1255,Coalition,1
1256,Kiva.org,1
1257,Jvion,1
1258,Bloomingdale's,1
1259,Sensient Technologies Corporation,1
1260,Tubi TV,1
1261,Assembly,1
1262,10x Genomics,1
1263,YourMechanic,1
1264,Bright Power,1
1265,Delos,1
1266,Alphasights: Engineering,1
1267,"LS Technologies, LLC",1
1268,College of Marin,1
1269,HBO,1
1270,UCB S.A.,1
1271,T3,1
1272,TINYpulse,1
1273,Microvi,1
1274,Lab Pros,1
1275,GQR,1
1276,Gaia International Inc.,1
1277,"Pioneer Data Systems, Inc",1
1278,DISNEY,1
1279,SEIU United Service Workers West,1
1280,PCI Strategic Management,1
1281,Pacific Gas And Electric Company,1
1282,A+E Networks,1
1283,Bind Benefits,1
1284,Pocket Gems,1
1285,"SearchTech Consulting, Inc",1
1286,Equifax,1
1287,SD Medical system Inc,1
1288,Marsh & McLennan Companies,1
1289,Sensoleak,1
1290,Bridges and Tunnels,1
1291,OKCupid,1
1292,Burson-Marsteller,1
1293,Angle Technologies,1
1294,Callière Group,1
1295,Tigroup,1
1296,HiFiBiO Therapeutics,1
1297,Shutterstock,1
1298,"BigBear, Inc.",1
1299,Dynavax Technologies,1
1300,Tier1 IT,1
1301,United States Soccer Federation,1
1302,NinthDecimal,1
1303,Prometheus Global Media,1
1304,Ridgewood Diagnostic Laboratory,1
1305,CDM Smith,1
1306,Figure,1
1307,XL Catlin,1
1308,Techpros,1
1309,AppNexus,1
1310,T. Rowe Price,1
1311,Wealthfront,1
1312,Compass Lexecon,1
1313,"Niantic, Inc.",1
1314,NTT DATA Services,1
1315,FanDuel,1
1316,SRI International,1
1317,Metromile,1
1318,Enovity,1
1319,Eastern Bank,1
1320,Captricity,1
1321,LaunchCode,1
1322,"FLX Bio, Inc.",1
1323,Raindance Partners Recruiting,1
1324,Mallinckrodt,1
1325,HackerOne,1
1326,Oliver James Associates,1
1327,Tesorio,1
1328,Daugherty New York,1
1329,Daley and Associates,1
1330,WestCoast Children's Clinic,1
1331,Thomas Publishing Company LLC,1
1332,EcoHealth Alliance,1
1333,Cogitativo,1
1334,Obsidian Therapeutics,1
1335,LabKey Software,1
1336,Blue Health Intelligence,1
1337,Odonate Therapeutics,1
1338,Deeter Investments LLP,1
1339,Matthews Asia,1
1340,WHOOP,1
1341,S&P DOW JONES INDICES,1
1342,Organic,1
1343,Etiometry,1
1344,TBWA\WorldHealth,1
1345,Dirty Lemon Beverages,1
1346,Environmental Risk Services Corporation,1
1347,Eventbrite,1
1348,Enel Green Power North America,1
1349,Heart Rhythm Society (HRS),1
1350,Gigster,1
1351,Southern California Gas Company,1
1352,Blue Apron,1
1353,Clinical Solutions Group,1
1354,Connection Lab,1
1355,TP Therapeutics,1
1356,Cobalt Robotics,1
1357,"Magic Leap, Inc.",1
1358,Qulab Inc.,1
1359,Aristotle,1
1360,LawTrades,1
1361,Infocorvus,1
1362,HighPoint,1
1363,Westwood One,1
1364,IQ Workforce,1
1365,Le CultureClub,1
1366,Anton Paar,1
1367,ACT Commodities,1
1368,"Skadden, Arps, Slate, Meagher & Flom LLP & Affiliates",1
1369,The NPD Group,1
1370,University of San Francisco,1
1371,Paige.ai,1
1372,Frontend Arts,1
1373,PARTNERSHIP for PUBLIC SERVICE,1
1374,Parker Institute for Cancer Immunotherapy,1
1375,Atlassian,1
1376,raag solutions,1
1377,GreatCall,1
1378,Procter & Gamble,1
1379,Evident,1
1380,Stealth Mode Startup Company,1
1381,Parsec Media,1
1382,American Council on Exercise,1
1383,1199SEIU Family of Funds,1
1384,"Lockstep, Inc.",1
1385,"Blue Cross Blue Shield of IL, MT, NM, OK & TX",1
1386,United Airlines Inc.,1
1387,DONOR NETWORK WEST,1
1388,Children's Hospital & Research Center Oakland,1
1389,Humu,1
1390,Chadwick Martin Bailey,1
1391,Stratos Genomics,1
1392,SmartPharm Therapeutics,1
1393,GEI Consultants Inc,1
1394,3Q Digital,1
1395,Movable Ink,1
1396,Nmatrixx,1
1397,Domino Data Lab,1
1398,Teracore,1
1399,lululemon athletica,1
1400,Payments & Cards Network,1
1401,Dashlane,1
1402,Joymode,1
1403,Androcles-Group,1
1404,Syneos Health Commercial Solutions,1
1405,Deutsch,1
1406,Voluntis,1
1407,Pivot Bio,1
1408,Upwork,1
1409,Miltenyi Biotec,1
1410,Cervello Inc,1
1411,Anokion,1
1412,Intent Media,1
1413,Eagle SNG,1
1414,Coyote Logistics,1
1415,Displayr,1
1416,DataAxxis,1
1417,Penske Media Corp.,1
1418,"Lionshare Lending, LLC",1
1419,Cugene Inc,1
1420,Skyhook Wireless,1
1421,AXA General Insurance,1
1422,HIRECLOUT,1
1423,OneGlobe,1
1424,Neilson Financial Services,1
1425,Diazyme,1
1426,SDSU Research Foundation,1
1427,"JUST, Inc.",1
1428,Washington Metropolitan Area Transit Authority,1
1429,The Catholic University of America,1
1430,Public Health Institute,1
1431,Cooperative Institute for Research in the Atmosphere,1
1432,"Aegerion Pharmaceuticals, Inc.",1
1433,"SomaLogic, Inc.",1
1434,Incandescent Technologies,1
1435,Insikt,1
1436,[m]Platform,1
1437,Natixis Investment Managers,1
1438,Intercept Pharmaceuticals,1
1439,Gartner,1
1440,Humanyze,1
1441,StepStone Group LP,1
1442,Corning,1
1443,Hopjump,1
1444,HNTB Corporation,1
1445,Soroco,1
1446,Alpha,1
1447,Executive Alliance,1
1448,Coupa Software,1
1449,Hatch,1
1450,First Soft Solutions LLC,1
1451,Feedvisor,1
1452,Mighty AI,1
1453,Lumere,1
1454,Whiterabbit.ai,1
1455,Vettery,1
1456,permIT LLC,1
1457,Matrix New World Engineering,1
1458,"Probi USA, Inc.",1
1459,Federal Reserve Bank of New York,1
1460,J.D. Power,1
1461,IGM Biosciences,1
1462,Georgia State University,1
1463,KOCH SUPPLY AND TRADING,1
1464,D&K Engineering,1
1465,Celldom,1
1466,Santanna Energy Services,1
1467,Kemper Corporation,1
1468,Tilting Point,1
1469,MedStar Health Research Institute,1
1470,American Dental Association,1
1471,Federation for American Immigration Reform (Fair),1
1472,SAIC,1
1473,"Hart Crowser, Inc.",1
1474,Starbucks,1
1475,Robert Walters,1
1476,National Geographic,1
1477,Conde Nast,1
1478,Lennon Wright,1
1479,Wachsman,1
1480,Smartly,1
1481,Thor Life Sciences,1
1482,Hydrogen Group,1
1483,Loomly,1
1484,24 Hour Fitness,1
1485,"Skoop Analytics, Inc.",1
1486,Crossfire,1
1487,"International Information Technology Team, Inc.",1
1488,"SPINS, LLC",1
1489,VIR,1
1490,Staffing the Universe,1
1491,CMTC,1
1492,Realtime Robotics,1
1493,BioMarin Pharmaceutical Inc.,1
1494,Seiu Local 775,1
1495,Will-N-Able,1
1496,GoPro,1
1497,Sophia Genetics,1
1498,Intuitive Surgical,1
1499,"Simple Mills, Inc.",1
1500,AutoGrid Systems,1
1501,Zoosk,1
1502,True Fit,1
1503,EnerNOC,1
1504,Eclaro,1
1505,Fox Networks Digital Consumer Group,1
1506,Epic Creations,1
1507,McKesson,1
1508,Department of Homeland Security,1
1509,Exonics Therapeutics,1
1510,Institute for Health Metrics and Evaluation - Faculty,1
1511,Simple Laboratories,1
1512,ACADIA Pharmaceuticals Inc.,1
1513,CMIC Group,1
1514,Gritstone Oncology,1
1515,Okaya Inc,1
1516,Metabiota,1
1517,A2e Technologies,1
1518,System1 Biosciences,1
1519,AdTheorent,1
1520,"Rakuten Aspyrian, Inc.",1
1521,PillPack,1
1522,Suzy,1
1523,Elev8 Hire Solutions,1
1524,Quidel Corporation,1
1525,Epizyme,1
1526,OM Partners,1
1527,The Clorox Company,1
1528,"New Iron Group, Inc.",1
1529,DataMasters,1
1530,GSI Service Group Inc,1
1531,Gymboree,1
1532,"Transworld Systems, Inc. (TSI)",1
1533,SHI International Corp.,1
1534,AB Sciex Pte,1
1535,Rent the Runway,1
1536,Aegon,1
1537,Koneksa Health,1
1538,Base Operations,1
1539,Finra,1
1540,United Nations Development Programme (UNDP),1
1541,Humana,1
1542,"Woodlyn Partners, Inc.",1
1543,Leafly Holdings,1
1544,Array BioPharma,1
1545,Department of Transportation,1
1546,Children's Hospital Los Angeles,1
1547,HOUSING PRESERVATION & DVLPMNT,1
1548,Socrata,1
1549,Atrius Health,1
1550,Rauxa,1
1551,TMP Worldwide,1
1552,Black & Veatch,1
1553,UHY LLP,1
1554,Nuveen,1
1555,RootPath Genomics,1
1556,"CGH Technologies, Inc.",1
1557,Center for Sustainable Energy,1
1558,Kofi Solutions Group,1
1559,Total Systems Technologies Corporation,1
1560,GEORGIA-PACIFIC,1
1561,"iHeartMedia, Inc.",1
1562,HBUS,1
1563,Blue Mesa Health,1
1564,TiVo,1
1565,"Agilent Technologies, Inc.",1
1566,Nautilus Labs,1
1567,Lancer Insurance Company,1
1568,Invenia Resourcing,1
1569,Cray,1
1570,Camden Kelly Corporation,1
1571,Zebit,1
1572,Synechron,1
1573,Boxed,1
1574,Courtney Raymond Consultants,1
1575,Moxie,1
1576,Enlighted,1
1577,CITIZENS BANK,1
1578,MONSANTO,1
1579,"Apex Staffing, Inc.",1
1580,Mynd,1
1581,Transdev,1
1582,Spark Foundry,1
1583,AFL-CIO,1
1584,Blockstack,1
1585,"Proneurotech, Inc.",1
1586,Forcepoint,1
1587,"The Kenjya-Trusant Group, LLC",1
1588,Park Assist LLC,1
1589,Solomon Page,1
1590,Tephra Inc,1
1591,New Classrooms,1
1592,Plenty,1
1593,Oneida ESC Group,1
1594,Internet Brands,1
1595,OpenAI,1
1596,ConAgra Foods,1
1597,Burning Glass Technologies,1
1598,Fitch Ratings,1
1599,Analytics Associates,1
1600,John Leonard,1
1601,AirSage,1
1602,Los Angeles Universal Preschool,1
1603,Cherokee Nation Businesses,1
1604,Imagining Human,1
1605,Milken Institute,1
1606,Crunch Data,1
1607,Network ESC,1
1608,Cognition Financial Corporation,1
1609,The Hershey Company,1
1610,Engine Biosciences,1
1611,Unchained Labs,1
1612,Global Computing - Mexico,1
1613,UNICEF,1
1614,Pacific Northwest National Laboratory,1
1615,HireStarter,1
1616,"Akima, LLC",1
1617,Classy,1
1618,Washington State Patrol,1
1619,Cityblock Health,1
1620,Stacey Kostue Consulting,1
1621,TRANZACT,1
1622,Capella Space,1
1623,Codiak BioSciences,1
1624,The Helmsley Charitable Trust,1
1625,Sun Life Financial,1
1626,National Oilwell Varco,1
1627,Providence Health & Services,1
1628,Wittenberg Weiner Consulting LLC,1
1629,Connexion Systems & Engineering,1
1630,Syneos Health (previously INC Research/inVentiv Health),1
1631,Tusimple,1
1632,Memjet,1
1633,Marchex,1
1634,SCS Engineers,1
1635,World Wildlife Fund,1
1636,ViralGains Inc.,1
1637,Syndicus Inc,1
1638,Z Gallerie,1
1639,Talent Savant,1
1640,Manthan Systems,1
1641,Premierehire,1
1642,University of San Diego,1
1643,Relus Cloud,1
1644,Infomatics Corp,1
1645,PS&S,1
1646,Akamai,1
1647,Valkyrie Intelligence,1
1648,The Aspen Institute,1
1649,Otis College of Art and Design,1
1650,"Jack In The Box | Jack in the Box, Inc.",1
1651,Encore Information Systems Inc.,1
1652,White Bay Group,1
1653,World Business Chicago,1
1654,Evidation Health,1
1655,Scripps Health Corp,1
1656,Greenlots,1
1657,Guidepoint Global,1
1658,Cubic Corporation,1
1659,Everest Clinical Research,1
1660,Union Bank,1
1661,Optimizely,1
1662,Analysis Group,1
1663,eviCore healthcare,1
1664,LQ Digital,1
1665,App Info,1
1666,SurveyMonkey,1
1667,Santander Bank,1
1668,"HealthyPets, Inc.",1
1669,Unisys,1
1670,Airbnb,1
1671,Evelo Biosciences,1
1672,AiCure,1
1673,UnionBank,1
1674,MicroVision,1
1675,New York State Office of the Attorney General (OAG),1
1676,Notable Labs,1
1677,TSYS,1
1678,Streetline,1
1679,VMware,1
1680,Gelber Group,1
1681,Big Mirror Labs,1
1682,Townsquare Media,1
1683,Finrise,1
1684,"Swedish Medical Center - Seattle, WA",1
1685,Dassault Systèmes,1
1686,Autonomous Therapeutics,1
1687,Northwestern Mutual Life Insurance Company,1
1688,"Seattle Genetics, Inc.",1
1689,"Apex Companies, LLC",1
1690,Velocity,1
1691,Iovance Biotherapeutics,1
1692,NYC Administration for Children's Services,1
1693,Soraa Inc.,1
1694,Redcley,1
1695,Centene Corporation,1
1696,Atlas Research,1
1697,Yumanity,1
1698,Howard University,1
1699,G2S Corporation,1
1700,Lattice Engines,1
1701,FREEDOM CONSULTING GROUP,1
1702,Metro-Goldwyn-Mayer Studios,1
1703,HONK,1
1704,TechnoGen Inc,1
1705,Bolt Threads,1
1706,Improbable,1
1707,Banks Environmental Data,1
1708,Celonis,1
1709,MacDermid Inc.,1
1710,QualStaff Resources,1
1711,ePrize,1
1712,Wade & Wendy,1
1713,Kavyos Consulting Inc,1
1714,Dendreon Corporation,1
1715,Alchemy Legal,1
1716,Alexza Pharmaceuticals,1
1717,SEMA4,1
1718,Concentric Marketing,1
1719,"Xpect SVC, LLC",1
1720,Crédit Agricole CIB,1
1721,SpaceCurve,1
1722,Guardian Analytics,1
1723,Quartet,1
1724,Zipcar,1
1725,"GeoVax, Inc.",1
1726,SOLUTE,1
1727,Vichara,1
1728,Cardinal Solutions,1
1729,ContraFect Corporation,1
1730,ChartSpan,1
1731,Sabey Corporation,1
1732,Comtech Global Inc,1
1733,Glocomms,1
1734,Data+Math,1
1735,MRY,1
1736,Heap,1
1737,Careers In Nonprofits,1
1738,ASRC Federal Holding Company,1
1739,COMPTROLLER OF PUBLIC ACCOUNTS,1
1740,"Ian, Evan & Alexander Corporation",1
1741,Adecco,1
1742,The Future Project,1
1743,Trifacta,1
1744,Micro Tech Staffing Group,1
1745,The Rockefeller University,1
1746,DF/Net Research,1
1747,Arosys,1
1748,Department of Education,1
1749,Bluestar Genomics,1
1750,Mitek Systems,1
1751,Blackstone Technology Group,1
1752,Construction Realty Services Group,1
1753,NAVICAN GENOMICS INC,1
1754,"Neilson Financial Services, USA",1
1755,UCLA David Geffen School of Medicine,1
1756,Taboola,1
1757,EXPERIAN,1
1758,Northside Hospital,1
1759,CSI Interfusion,1
1760,Riverside Research,1
1761,WestRock,1
1762,Connect VIP,1
1763,Investigative Company,1
1764,THC Design,1
1765,"Guidewire Software, Inc.",1
1766,Recorded Future,1
1767,Pall,1
1768,"eHire, LLC",1
1769,"Tanvex BioPharma USA,Inc",1
1770,UST Global Inc.,1
1771,Becton Dickinson & Company,1
1772,Funding Circle US,1
1773,New York City Transit,1
1774,Organovo,1
1775,dbHMS,1
1776,Stevens Institute of Technology,1
1777,"Joseph Gunnar & Co., LLC",1
1778,Verisk Maplecroft,1
1779,Yodlee,1
1780,"Quadratic Systems, Inc.",1
1781,Bay Shore Staffing,1
1782,SRS Investment Management,1
1783,Environmental Working Group,1
1784,OBXtek,1
1785,VTS3,1
1786,Performics,1
1787,Formation Environmental LLC,1
1788,Akili Interactive,1
1789,Options Clearing Corporation,1
1790,Frequence,1
1791,Casper,1
1792,Synergis,1
1793,3D Systems,1
1794,Inspire Brands,1
1795,Flatiron Health,1
1796,Circle,1
1797,Arivale,1
1798,Clara,1
1799,edX,1
1800,Feeding America,1
1801,NXP Semiconductors,1
1802,Thumbtack,1
1803,uBiome,1
1804,NV5,1
1805,"Tygart Technology, Inc.",1
1806,"People With Developmental Disabilities, Office for",1
1807,Neurable,1
1808,"DeepCurrent Technologies, Inc.",1
1809,Trinamix Inc.,1
1810,Bayer,1
1811,Blue River Technology,1
1812,Woebot,1
1813,aven pharma & tech llc,1
1814,Alion Science and Technology,1
1815,Parsons,1
1816,DEPARTMENT OF SANITATION,1
1817,Factual,1
1818,Harry's,1
1819,Elenion Technologies,1
1820,AllianceData,1
1821,CapTech Consulting,1
1822,Hearts and Science,1
1823,The Aerospace Corporation,1
1824,Aki Technologies,1
1825,LawnStarter,1
1826,Taulia,1
1827,DEPT OF INFO TECH & TELECOMM,1
1828,Beacon Hill Technologies,1
1829,Custoria,1
1830,Sinclair Broadcast Group,1
1831,Array Architects Inc,1
1832,Children's Tumor Foundation,1
1833,Aurora Flight Sciences,1
1834,Shipt,1
1835,DeepScale,1
1836,NuWest Healthcare,1
1837,Motivate International Inc.,1
1838,MedStar Health,1
1839,"MORI Associates, Inc",1
1840,Kura Oncology,1
1841,"HaulHub, Inc.",1
1842,"Edison Software, Inc.",1
1843,TaskRabbit,1
1844,Flexport,1
1845,Wholefoods,1
1846,Lyric,1
1847,GOAT,1
1848,"Turnitin, LLC",1
1849,Milliman,1
1850,Factspan Inc,1
1851,Ayasdi,1
1852,Datadog,1
1853,Bevi,1
1854,TRC,1
1855,Environmental Protection Agency,1
1856,ASTA CRS,1
1857,United Way,1
1858,Parsable,1
1859,SAP,1
1860,Neer Info Solutions,1
1861,Academia.edu,1
1862,SciTec,1
1863,SoundHound Inc.,1
1864,Aptus Health,1
1865,Rancho BioSciences,1
1866,Children's Healthcare of Atlanta,1
1867,Qeexo,1
1868,Streamlyne,1
1869,Product Madness,1
1870,Envision Horizons,1
1871,6sense,1
1872,KAYAK,1
1873,Rainforest QA,1
1874,Old Mission Capital,1
1875,D.A. Davidson & Co.,1
1876,FBR & Co.,1
1877,Quest Diagnostics,1
1878,Rockets of Awesome,1
1879,SKA,1
1880,SENS Research Foundation,1
1881,Life360,1
1882,"Grammarly, Inc.",1
1883,"MemComputing, Inc.",1
1884,SQAD LLC,1
1885,Lovepop,1
1886,SnapStrat,1
1887,Coherent Germany,1
1888,Verve,1
1889,Samsung NEXT,1
1890,Celtra Inc.,1
1891,Lyft,1
1892,Walker Sands Communications,1
1893,"T. White Parker Associates, Incorporated",1
1894,Novo Nordisk,1
1895,Fanning Personnel,1
1896,Aduro Biotech,1
1897,Inzone,1
1898,Malin Space Science Systems,1
1899,Z FEDERAL,1
1900,UNTUCKit,1
1901,"Malin Space Science Systems, Inc.",1
1902,The Situs Companies,1
1903,Fitbit,1
1904,Massdrop,1
1905,Morning Consult,1
1906,States Title,1
1907,Verastem,1
1908,EarthDefine,1
1909,SkillDemand,1
1910,Tubular Labs,1
1911,2U,1
1912,Arch,1
1913,Midaxo,1
1914,Amobee,1
1915,N C Q A,1
1916,IJC Associates,1
1917,Golden Gate National Parks Conservancy,1
1918,Tapestry,1
1919,ROKT,1
1920,LifeMine,1
1921,Strava,1
1922,Øptimus Consulting,1
1923,World Resources Institute,1
1924,PAE,1
1925,Honey,1
1926,Fluid Intelligence,1
1927,Scoop Technologies,1
1928,Clarifai,1
1929,Comlinkdata,1
1930,"Amplify Education, Inc.",1
1931,UCB,1
1932,Torani,1
1933,Lieberman Research Worldwide,1
1934,Harman Connected Services,1
1935,National CineMedia,1
1936,Dotdash,1
1937,Fair Trade USA,1
1938,DV Trading LLC,1
1939,Cogent Professionals,1
1940,Networkers,1
1941,Novi Labs,1
1942,General Motors,1
1943,Nexient,1
1944,Sovrn Holdings,1
1945,Scholar Rock,1
1946,Kintai Therapeutics,1
1947,Arbor Biotechnologies,1
1948,Duff & Phelps Investment Management Company,1
1949,Unicon Pharma,1
1950,Liberty Healthcare Corporation,1
1951,LEWIS,1
1952,First Derivatives plc,1
1953,APTIM,1
1954,LabKey,1
1955,"Lumos Labs, Inc.",1
1956,"UltraBio Technologies, Inc",1
1957,"Bombfell, Inc.",1
1958,New York State Office of the Attorney General,1
1959,Credibly,1
1960,Brillio,1
1961,Quantifind,1
1962,Motif Investing,1
1963,Whitehead Institute,1
1964,Trimble Inc.,1
1965,LPL Financial,1
1966,Bayside Solutions,1
1967,Hanweck Associates,1
1968,Department of the Navy,1
1969,"PitchBook Data, Inc.",1
1970,HelloWorld,1
1971,Vungle,1
1972,Dealmoon,1
1973,Omega Therapeutics,1
1974,Xpert Staffing,1
1975,"Angiex, Inc.",1
1976,1871,1
1977,MMT,1
1978,Defined Clarity,1
1979,2M Research Services,1
1980,New Post Search,1
1981,Sartorius,1
1982,Kaplan,1
1983,FrameWorks Institute,1
1984,Brookfield Asset Management,1
1985,Refinery29,1
1986,SG Analytics,1
1987,Maxus,1
1988,Allen Frontiers Group,1
1989,Tyemill,1
1990,"Hitachi Chemical Advanced Therapeutics Solutions, LLC",1
1991,Quantlab,1
1992,SGS,1
1993,Fox Networks Group,1
1994,Sumo,1
1995,BlackThorn Therapeutics,1
1996,Tenable,1
1997,Talent Management Solutions,1
1998,Sears Holdings Management Corporation,1
1999,Credit Suisse,1
2000,Cambridge Trust Company,1
2001,Court Services and Offender Supervision Agency for DC,1
2002,YapStone,1
2003,Lob,1
2004,RockBridge Search & Recruitment,1
2005,Nanigans,1
2006,RoundhouseOne,1
2007,Tendril,1
2008,Belkin,1
2009,Strike Social,1
2010,Siolta Therapeutics,1
2011,San Diego Community College District,1
2012,Benenson Strategy Group,1
2013,Robert W. Baird,1
2014,Department of Energy,1
2015,SpinCar,1
2016,Coinlist,1
2017,C. R. Bard,1
2018,Algorithmia,1
2019,MindRight,1
2020,Wells Fargo,1
2021,Aviva,1
2022,Petuum,1
2023,ThirdLove,1
2024,Crafty Machine,1
2025,DiMeo Schneider & Associates,1
2026,H5,1
2027,"Frank N. Magid Associates, Inc.",1
2028,Dailymotion,1
2029,Blackboard Insurance,1
2030,"Chubbies, Inc.",1
2031,E.L. Haynes Public Charter School,1
2032,CSRA,1
2033,University of Chicago,1
2034,Group Nine Media,1
2035,Association of American Medical Colleges,1
2036,GovernmentCIO,1
2037,Digit,1
2038,"Sigma Systems, Inc.",1
2039,International Flavors and Fragrances,1
2040,Newton Colmore Consulting Ltd,1
2041,"Eurofins VRL, Inc.",1
2042,Rippleshot,1
2043,Trader Interactive,1
2044,J.E. Ranta Associates,1
2045,Dematic,1
2046,Molecular Templates Inc,1
2047,Sonic Healthcare USA,1
2048,Circle Internet Financial,1
2049,Tang Capital Management,1
2050,CollegeVine,1
2051,Advantage SCI,1
2052,MasterClass,1
2053,SF VA Medical Center,1
2054,"Happy Faces Personnel Group, Inc.",1
2055,Guardian Life Insurance Company,1
2056,KBI Biopharma,1
2057,Bold Metrics,1
2058,Frontapp,1
2059,Motorola Solutions,1
2060,KDR recruitment,1
2061,PHASTAR,1
2062,Edelman & Associates,1
2063,Feasible,1
2064,Biotech Partners,1
2065,Ahrefs,1
2066,HexaCorp,1
2067,"APEXIGEN, INC.",1
2068,Vulcan Inc.,1
2069,Drivin/Autoniq,1
2070,Butterfly Network,1
2071,ecoATM LLC,1
2072,"Clovis Oncology, Inc.",1
2073,Drug Policy Alliance,1
2074,RAND Corporation,1
2075,Grenzebach Glier and Associates,1
2076,ITStaff Technical Resources,1
2077,Keller Williams,1
2078,Basepair,1
2079,Chegg,1
2080,"Moxie Interactive, Inc.",1
2081,REPS & Co.,1
2082,Options Group,1
2083,Alere,1
2084,Haley & Aldrich,1
2085,YIWEI Medical Inc.,1
2086,Criterion Systems,1
2087,Shirley Ryan Ability Lab,1
2088,Leap.ai,1
2089,UniBit Inc.,1
2090,Group SJR,1
2091,Coffee Meets Bagel,1
2092,CyberCube Analytics,1
2093,"Farmer's Business Network, Inc.",1
2094,Department of Health And Human Services,1
2095,Insurify,1
2096,Applied Memetics LLC,1
2097,AXS Group LLC,1
2098,Conagra Brands,1
2099,Natero,1
2100,Cibus,1
2101,Rand Thompson Consultants LLC,1
2102,Kessler Foundation,1
2103,X4 Pharmaceuticals,1
2104,Uptown Treehouse,1
2105,Cloudflare,1
2106,Brighterion,1
2107,Grindr,1
2108,Farfetch,1
2109,Lonza Biologics,1
2110,Nexcelom Bioscience,1
2111,Westfield Corporation,1
2112,Gifford Fong Associates (GFA),1
2113,NBCUniversal,1
2114,Robert Half Finance & Accounting,1
2115,Research Now,1
2116,Guttmacher Institute,1
2117,Crystal Dynamics,1
2118,Steel Point Solutions,1
2119,Kite Pharma,1
2120,International AIDS Vaccine Initiative,1
2121,Sun Chemical Corporation,1
2122,Wild Type,1
2123,Grata Data,1
2124,CBS Television Network,1
2125,SPAR Information Systems,1
2126,DRS Technologies,1
2127,Bloomberg BNA,1
2128,"POWER Engineers, Inc.",1
2129,Workers' Compensation Insurance Rating Bureau of California (WCIRB),1
2130,Level Education from Northeastern University,1
2131,Versive,1
2132,Altice USA,1
2133,Mintel,1
2134,"ExtraHop Networks, Inc.",1
2135,Advanced Sciences and Technologies (AS&T),1
2136,Davis Defense Group,1
2137,Dun & Bradstreet,1
2138,Indotronix International Corporation,1
2139,"Seton Family of Hospitals, TX",1
2140,Upgrade,1
2141,Insticator Inc,1
2142,Code Pilot,1
2143,CiBO Technologies,1
2144,Acadian Asset,1
2145,Outreach,1
2146,Vaxess Technologies,1
2147,Tenor.ai,1
2148,Tremor Video DSP,1
2149,PSM Partners,1
2150,Plexxikon,1
2151,"Biomatrica, Inc.",1
2152,Nike,1
2153,Moneythink,1
2154,Change.org,1
2155,Southwest Research Institute,1
2156,Camris International,1
2157,Acuris,1
2158,"Egnyte, Inc.",1
2159,Cox Media Group,1
2160,Solidus Technical Solutions,1
2161,Market Track,1
2162,Anokion SA,1
2163,Trialspark,1
2164,Just Biotherapeutics,1
2165,Match,1
2166,Kinsa Inc.,1
2167,CooperSurgical,1
2168,"Attorney General, Office of the",1
2169,BloomReach,1
2170,TEXAS DEPARTMENT OF PUBLIC SAFETY,1
2171,AI/IoT/Blockchain NewCo,1
2172,Insight Strategy Group,1
2173,e.biT Consulting,1
2174,Emory Healthcare,1
2175,PRO Unlimited @ facebook,1
2176,MJK Concepts,1
2177,Conversica,1
2178,Newsela,1
2179,true[x],1
2180,PreVisor,1
2181,DomainTools,1
2182,BAIN & COMPANY,1
2183,SPK Consultants Inc,1
2184,Seaport Global Holdings LLC,1
2185,TIAA,1
2186,Hunter BioDiscovery,1
2187,Insight Health Analytics,1
2188,ARYZTA Careers,1
2189,Databricks,1
2190,Population Council,1
2191,Venmo,1
2192,KOCH AG & ENERGY SOLUTIONS,1
2193,Qualys,1
2194,The University of Chicago Medicine,1
2195,"Gencyte Therapeutics, Inc.",1
2196,National Debt Relief,1
2197,"Lynx, Inc.",1
2198,Evalueserve,1
2199,"Biocept, Inc.",1
2200,"SHIELDS for Families, Inc.",1
2201,Love and Company,1
2202,AccessLex Institute,1
2203,"Neustar, Inc.",1
2204,IPG Mediabrands,1
2205,AARP,1
2206,Hulu,1
2207,Baim Institute for Clinical Research,1
2208,Mozilla,1
2209,Global Pharmaceutical Company via RCH Solutions,1
2210,Novelis,1
2211,Nxt Level,1
2212,Ardent Eagle Solutions,1
